,,,,,,
WHT  ,,,,,,
WHT  ,,,,,,
WHT  ,,,,,,
WHT  ,,,,,,
WHT  ,,,,,,
WHT  ,,,,,,
WHT  ,,,,,,
WHT  ,,,,,,
WHT  ,,,,,,
BLK  ,,,,,,
WHT  ,,,,,,
WHT  ,,,,,,
WHT  ,,,,,,
WHT  ,,,,,,
WHT  ,,,,,,
WHT  ,,,,,,
WHT  ,,,,,,
WHT  ,,,,,,
WHT  ,,,,,,
WHT  ,,,,,,
WHT  ,,,,,,
WHT  ,,,,,,
WHT  ,,,,,,
WHT  ,,,,,,
WHT  ,,,,,,
WHT  ,,,,,,
WHT  ,,,,,,
WHT  ,,,,,,
???  ,,,,,,
WHT  ,,,,,,
WHT  ,,,,,,
WHT  ,,,,,,
WHT  ,,,,,,
WHT  ,,,,,,
WHT  ,,,,,,
WHT  ,,,,,,
WHT  ,,,,,,
WHT  ,,,,,,
WHT  ,,,,,,
WHT  ,,,,,,
WHT  ,,,,,,
WHT  ,,,,,,
WHT  ,,,,,,
WHT  ,,,,,,
WHT  ,,,,,,
WHT  ,,,,,,
WHT  ,,,,,,
WHT  ,,,,,,
WHT  ,,,,,,
BLK  ,,,,,,
WHT  ,,,,,,
WHT  ,,,,,,
WHT  ,,,,,,
WHT  ,,,,,,
WHT  ,,,,,,
WHT  ,,,,,,
WHT  ,,,,,,
WHT  ,,,,,,
WHT  ,,,,,,
BLK  ,,,,,,
WHT  ,,,,,,
WHT  ,,,,,,
BLK  ,,,,,,
WHT  ,,,,,,
WHT  ,,,,,,
WHT  ,,,,,,
WHT  ,,,,,,
WHT  ,,,,,,
WHT  ,,,,,,
WHT  ,,,,,,
WHT  ,,,,,,
WHT  ,,,,,,
WHT  ,,,,,,
WHT  ,,,,,,
WHT  ,,,,,,
WHT  ,,,,,,
WHT  ,,,,,,
WHT  ,,,,,,
WHT  ,,,,,,
WHT  ,,,,,,
WHT  ,,,,,,
WHT  ,,,,,,
WHT  ,,,,,,
BLK  ,,,,,,
WHT  ,,,,,,
WHT  ,,,,,,
WHT  ,,,,,,
WHT  ,,,,,,
WHT  ,,,,,,
WHT  ,,,,,,
???  ,,,,,,
HIS  ,,,,,,
WHT  ,,,,,,
WHT  ,,,,,,
WHT  ,,,,,,
WHT  ,,,,,,
WHT  ,,,,,,
WHT  ,,,,,,
WHT  ,,,,,,
WHT  ,,,,,,
WHT  ,,,,,,
WHT  ,,,,,,
WHT  ,,,,,,
WHT  ,,,,,,
WHT  ,,,,,,
WHT  ,,,,,,
WHT  ,,,,,,
???  ,,,,,,
WHT  ,,,,,,
WHT  ,,,,,,
???  ,,,,,,
WHT  ,,,,,,
BLK  ,,,,,,
WHT  ,,,,,,
WHT  ,,,,,,
WHT  ,,,,,,
WHT  ,,,,,,
WHT  ,,,,,,
WHT  ,,,,,,
WHT  ,,,,,,
WHT  ,,,,,,
WHT  ,,,,,,
WHT  ,,,,,,
WHT  ,,,,,,
WHT  ,,,,,,
WHT  ,,,,,,
WHT  ,,,,,,
WHT  ,,,,,,
WHT  ,,,,,,
WHT  ,,,,,,
WHT  ,,,,,,
WHT  ,,,,,,
WHT  ,,,,,,
BLK  ,,,,,,
WHT  ,,,,,,
WHT  ,,,,,,
WHT  ,,,,,,
WHT  ,,,,,,
WHT  ,,,,,,
BLK  ,,,,,,
WHT  ,,,,,,
WHT  ,,,,,,
WHT  ,,,,,,
WHT  ,,,,,,
WHT  ,,,,,,
WHT  ,,,,,,
WHT  ,,,,,,
WHT  ,,,,,,
AMR  ,,,,,,
BLK  ,,,,,,
WHT  ,,,,,,
WHT  ,,,,,,
WHT  ,,,,,,
WHT  ,,,,,,
WHT  ,,,,,,
WHT  ,,,,,,
WHT  ,,,,,,
WHT  ,,,,,,
WHT  ,,,,,,
WHT  ,,,,,,
WHT  ,,,,,,
???  ,,,,,,
BLK  ,,,,,,
WHT  ,,,,,,
WHT  ,,,,,,
WHT  ,,,,,,
WHT  ,,,,,,
WHT  ,,,,,,
WHT  ,,,,,,
WHT  ,,,,,,
WHT  ,,,,,,
WHT  ,,,,,,
WHT  ,,,,,,
WHT  ,,,,,,
WHT  ,,,,,,
WHT  ,,,,,,
BLK  ,,,,,,
WHT  ,,,,,,
WHT  ,,,,,,
WHT  ,,,,,,
WHT  ,,,,,,
WHT  ,,,,,,
WHT  ,,,,,,
WHT  ,,,,,,
WHT  ,,,,,,
WHT  ,,,,,,
WHT  ,,,,,,
WHT  ,,,,,,
WHT  ,,,,,,
WHT  ,,,,,,
BLK  ,,,,,,
WHT  ,,,,,,
WHT  ,,,,,,
WHT  ,,,,,,
WHT  ,,,,,,
WHT  ,,,,,,
WHT  ,,,,,,
WHT  ,,,,,,
WHT  ,,,,,,
WHT  ,,,,,,
WHT  ,,,,,,
WHT  ,,,,,,
WHT  ,,,,,,
WHT  ,,,,,,
WHT  ,,,,,,
WHT  ,,,,,,
WHT  ,,,,,,
BLK  ,,,,,,
WHT  ,,,,,,
WHT  ,,,,,,
WHT  ,,,,,,
BLK  ,,,,,,
WHT  ,,,,,,
WHT  ,,,,,,
WHT  ,,,,,,
WHT  ,,,,,,
WHT  ,,,,,,
WHT  ,,,,,,
ORN  ,,,,,,
WHT  ,,,,,,
WHT  ,,,,,,
WHT  ,,,,,,
WHT  ,,,,,,
WHT  ,,,,,,
WHT  ,,,,,,
WHT  ,,,,,,
WHT  ,,,,,,
WHT  ,,,,,,
WHT  ,,,,,,
WHT  ,,,,,,
WHT  ,,,,,,
WHT  ,,,,,,
WHT  ,,,,,,
ORN  ,,,,,,
WHT  ,,,,,,
WHT  ,,,,,,
WHT  ,,,,,,
WHT  ,,,,,,
WHT  ,,,,,,
WHT  ,,,,,,
WHT  ,,,,,,
WHT  ,,,,,,
WHT  ,,,,,,
WHT  ,,,,,,
WHT  ,,,,,,
WHT  ,,,,,,
WHT  ,,,,,,
BLK  ,,,,,,
???  ,,,,,,
WHT  ,,,,,,
WHT  ,,,,,,
WHT  ,,,,,,
WHT  ,,,,,,
WHT  ,,,,,,
WHT  ,,,,,,
WHT  ,,,,,,
WHT  ,,,,,,
WHT  ,,,,,,
WHT  ,,,,,,
WHT  ,,,,,,
WHT  ,,,,,,
WHT  ,,,,,,
WHT  ,,,,,,
WHT  ,,,,,,
WHT  ,,,,,,
WHT  ,,,,,,
WHT  ,,,,,,
WHT  ,,,,,,
WHT  ,,,,,,
WHT  ,,,,,,
WHT  ,,,,,,
WHT  ,,,,,,
WHT  ,,,,,,
WHT  ,,,,,,
WHT  ,,,,,,
WHT  ,,,,,,
WHT  ,,,,,,
WHT  ,,,,,,
WHT  ,,,,,,
WHT  ,,,,,,
WHT  ,,,,,,
WHT  ,,,,,,
WHT  ,,,,,,
WHT  ,,,,,,
SPN  ,,,,,,
WHT  ,,,,,,
ORN  ,,,,,,
WHT  ,,,,,,
WHT  ,,,,,,
WHT  ,,,,,,
WHT  ,,,,,,
WHT  ,,,,,,
WHT  ,,,,,,
WHT  ,,,,,,
WHT  ,,,,,,
WHT  ,,,,,,
BLK  ,,,,,,
WHT  ,,,,,,
WHT  ,,,,,,
WHT  ,,,,,,
WHT  ,,,,,,
WHT  ,,,,,,
WHT  ,,,,,,
WHT  ,,,,,,
WHT  ,,,,,,
WHT  ,,,,,,
WHT  ,,,,,,
WHT  ,,,,,,
WHT  ,,,,,,
WHT  ,,,,,,
WHT  ,,,,,,
WHT  ,,,,,,
WHT  ,,,,,,
WHT  ,,,,,,
WHT  ,,,,,,
WHT  ,,,,,,
WHT  ,,,,,,
WHT  ,,,,,,
WHT  ,,,,,,
WHT  ,,,,,,
WHT  ,,,,,,
WHT  ,,,,,,
WHT  ,,,,,,
WHT  ,,,,,,
WHT  ,,,,,,
WHT  ,,,,,,
WHT  ,,,,,,
WHT  ,,,,,,
WHT  ,,,,,,
WHT  ,,,,,,
WHT  ,,,,,,
WHT  ,,,,,,
WHT  ,,,,,,
WHT  ,,,,,,
WHT  ,,,,,,
WHT  ,,,,,,
WHT  ,,,,,,
WHT  ,,,,,,
BLK  ,,,,,,
WHT  ,,,,,,
WHT  ,,,,,,
WHT  ,,,,,,
WHT  ,,,,,,
WHT  ,,,,,,
AMR  ,,,,,,
WHT  ,,,,,,
WHT  ,,,,,,
WHT  ,,,,,,
WHT  ,,,,,,
WHT  ,,,,,,
WHT  ,,,,,,
WHT  ,,,,,,
WHT  ,,,,,,
BLK  ,,,,,,
WHT  ,,,,,,
WHT  ,,,,,,
WHT  ,,,,,,
WHT  ,,,,,,
WHT  ,,,,,,
WHT  ,,,,,,
WHT  ,,,,,,
WHT  ,,,,,,
WHT  ,,,,,,
WHT  ,,,,,,
WHT  ,,,,,,
WHT  ,,,,,,
WHT  ,,,,,,
BLK  ,,,,,,
WHT  ,,,,,,
WHT  ,,,,,,
WHT  ,,,,,,
WHT  ,,,,,,
WHT  ,,,,,,
WHT  ,,,,,,
WHT  ,,,,,,
WHT  ,,,,,,
WHT  ,,,,,,
WHT  ,,,,,,
WHT  ,,,,,,
???  ,,,,,,
WHT  ,,,,,,
WHT  ,,,,,,
WHT  ,,,,,,
WHT  ,,,,,,
WHT  ,,,,,,
WHT  ,,,,,,
WHT  ,,,,,,
WHT  ,,,,,,
WHT  ,,,,,,
???  ,,,,,,
WHT  ,,,,,,
WHT  ,,,,,,
WHT  ,,,,,,
WHT  ,,,,,,
WHT  ,,,,,,
WHT  ,,,,,,
WHT  ,,,,,,
WHT  ,,,,,,
WHT  ,,,,,,
WHT  ,,,,,,
WHT  ,,,,,,
WHT  ,,,,,,
WHT  ,,,,,,
WHT  ,,,,,,
WHT  ,,,,,,
WHT  ,,,,,,
WHT  ,,,,,,
WHT  ,,,,,,
WHT  ,,,,,,
WHT  ,,,,,,
WHT  ,,,,,,
WHT  ,,,,,,
WHT  ,,,,,,
WHT  ,,,,,,
WHT  ,,,,,,
WHT  ,,,,,,
???  ,,,,,,
WHT  ,,,,,,
WHT  ,,,,,,
WHT  ,,,,,,
WHT  ,,,,,,
WHT  ,,,,,,
WHT  ,,,,,,
WHT  ,,,,,,
WHT  ,,,,,,
WHT  ,,,,,,
WHT  ,,,,,,
WHT  ,,,,,,
WHT  ,,,,,,
WHT  ,,,,,,
WHT  ,,,,,,
WHT  ,,,,,,
WHT  ,,,,,,
WHT  ,,,,,,
WHT  ,,,,,,
WHT  ,,,,,,
WHT  ,,,,,,
BLK  ,,,,,,
WHT  ,,,,,,
WHT  ,,,,,,
WHT  ,,,,,,
WHT  ,,,,,,
WHT  ,,,,,,
WHT  ,,,,,,
WHT  ,,,,,,
WHT  ,,,,,,
WHT  ,,,,,,
WHT  ,,,,,,
WHT  ,,,,,,
WHT  ,,,,,,
WHT  ,,,,,,
WHT  ,,,,,,
WHT  ,,,,,,
WHT  ,,,,,,
WHT  ,,,,,,
WHT  ,,,,,,
WHT  ,,,,,,
WHT  ,,,,,,
WHT  ,,,,,,
WHT  ,,,,,,
WHT  ,,,,,,
WHT  ,,,,,,
WHT  ,,,,,,
WHT  ,,,,,,
WHT  ,,,,,,
WHT  ,,,,,,
WHT  ,,,,,,
WHT  ,,,,,,
WHT  ,,,,,,
WHT  ,,,,,,
BLK  ,,,,,,
WHT  ,,,,,,
WHT  ,,,,,,
WHT  ,,,,,,
WHT  ,,,,,,
WHT  ,,,,,,
WHT  ,,,,,,
WHT  ,,,,,,
WHT  ,,,,,,
WHT  ,,,,,,
WHT  ,,,,,,
???  ,,,,,,
WHT  ,,,,,,
WHT  ,,,,,,
BLK  ,,,,,,
WHT  ,,,,,,
WHT  ,,,,,,
WHT  ,,,,,,
WHT  ,,,,,,
WHT  ,,,,,,
WHT  ,,,,,,
WHT  ,,,,,,
???  ,,,,,,
WHT  ,,,,,,
WHT  ,,,,,,
WHT  ,,,,,,
WHT  ,,,,,,
WHT  ,,,,,,
WHT  ,,,,,,
WHT  ,,,,,,
WHT  ,,,,,,
WHT  ,,,,,,
WHT  ,,,,,,
WHT  ,,,,,,
WHT  ,,,,,,
WHT  ,,,,,,
WHT  ,,,,,,
WHT  ,,,,,,
WHT  ,,,,,,
WHT  ,,,,,,
WHT  ,,,,,,
WHT  ,,,,,,
WHT  ,,,,,,
WHT  ,,,,,,
???  ,,,,,,
WHT  ,,,,,,
WHT  ,,,,,,
WHT  ,,,,,,
WHT  ,,,,,,
WHT  ,,,,,,
WHT  ,,,,,,
WHT  ,,,,,,
WHT  ,,,,,,
WHT  ,,,,,,
WHT  ,,,,,,
WHT  ,,,,,,
WHT  ,,,,,,
WHT  ,,,,,,
WHT  ,,,,,,
WHT  ,,,,,,
WHT  ,,,,,,
WHT  ,,,,,,
SPN  ,,,,,,
WHT  ,,,,,,
WHT  ,,,,,,
WHT  ,,,,,,
BLK  ,,,,,,
WHT  ,,,,,,
WHT  ,,,,,,
WHT  ,,,,,,
???  ,,,,,,
WHT  ,,,,,,
WHT  ,,,,,,
WHT  ,,,,,,
WHT  ,,,,,,
WHT  ,,,,,,
WHT  ,,,,,,
WHT  ,,,,,,
WHT  ,,,,,,
WHT  ,,,,,,
WHT  ,,,,,,
WHT  ,,,,,,
WHT  ,,,,,,
WHT  ,,,,,,
WHT  ,,,,,,
WHT  ,,,,,,
WHT  ,,,,,,
WHT  ,,,,,,
WHT  ,,,,,,
WHT  ,,,,,,
WHT  ,,,,,,
HSP  ,,,,,,
WHT  ,,,,,,
WHT  ,,,,,,
WHT  ,,,,,,
WHT  ,,,,,,
WHT  ,,,,,,
WHT  ,,,,,,
WHT  ,,,,,,
WHT  ,,,,,,
WHT  ,,,,,,
WHT  ,,,,,,
WHT  ,,,,,,
???  ,,,,,,
WHT  ,,,,,,
BLK  ,,,,,,
WHT  ,,,,,,
WHT  ,,,,,,
WHT  ,,,,,,
WHT  ,,,,,,
WHT  ,,,,,,
WHT  ,,,,,,
WHT  ,,,,,,
???  ,,,,,,
WHT  ,,,,,,
WHT  ,,,,,,
WHT  ,,,,,,
WHT  ,,,,,,
WHT  ,,,,,,
WHT  ,,,,,,
???  ,,,,,,
WHT  ,,,,,,
WHT  ,,,,,,
WHT  ,,,,,,
WHT  ,,,,,,
WHT  ,,,,,,
WHT  ,,,,,,
WHT  ,,,,,,
WHT  ,,,,,,
WHT  ,,,,,,
WHT  ,,,,,,
WHT  ,,,,,,
WHT  ,,,,,,
WHT  ,,,,,,
WHT  ,,,,,,
WHT  ,,,,,,
WHT  ,,,,,,
BLK  ,,,,,,
WHT  ,,,,,,
WHT  ,,,,,,
WHT  ,,,,,,
WHT  ,,,,,,
WHT  ,,,,,,
WHT  ,,,,,,
WHT  ,,,,,,
WHT  ,,,,,,
WHT  ,,,,,,
WHT  ,,,,,,
WHT  ,,,,,,
WHT  ,,,,,,
BLK  ,,,,,,
WHT  ,,,,,,
WHT  ,,,,,,
WHT  ,,,,,,
WHT  ,,,,,,
WHT  ,,,,,,
WHT  ,,,,,,
WHT  ,,,,,,
WHT  ,,,,,,